<?xml version="1.0" encoding="utf-8"?>
<resources>
    <!-- Primary Colors -->
    <color name="purple_200">#FFBB86FC</color>
    <color name="purple_500">#FF6200EE</color>
    <color name="purple_700">#FF3700B3</color>
    <color name="teal_200">#FF03DAC5</color>
    <color name="teal_700">#FF018786</color>
    
    <!-- Basic Colors -->
    <color name="black">#FF000000</color>
    <color name="white">#FFFFFFFF</color>
    
    <!-- App Theme Colors -->
    <color name="dark_background">#FF1A1A2E</color>
    <color name="dark_surface">#FF16213E</color>
    <color name="dark_blue">#FF0F172A</color>
    <color name="light_gray">#FFB0BEC5</color>
    
    <!-- Status Colors -->
    <color name="success_green">#FF4CAF50</color>
    <color name="warning_orange">#FFFF9800</color>
    <color name="error_red">#FFF44336</color>
    <color name="info_blue">#FF2196F3</color>
    
    <!-- Security Colors -->
    <color name="secure_green">#FF00C853</color>
    <color name="alert_red">#FFD50000</color>
    <color name="caution_yellow">#FFFFC107</color>
    
    <!-- Gradient Colors -->
    <color name="gradient_start">#FF667EEA</color>
    <color name="gradient_end">#FF764BA2</color>
    
    <!-- Transparent Colors -->
    <color name="transparent_black">#80000000</color>
    <color name="transparent_white">#80FFFFFF</color>
</resources>