{
  "name": "Secure Guardian Pro",
  "package": "com.antitheft.pro",
  "version": "1.0.0",
  "versionCode": 1,
  "minSdkVersion": 21,
  "targetSdkVersion": 34,
  "features": [
    "🔑 PIN Generator for Web Access",
    "📍 Live GPS Tracking",
    "👁️ Intruder Detection",
    "🔋 Battery Monitoring",
    "🚨 Security Alerts",
    "⚙️ Advanced Settings",
    "🌐 Web Dashboard Sync"
  ],
  "permissions": [
    "ACCESS_FINE_LOCATION",
    "ACCESS_COARSE_LOCATION",
    "ACCESS_BACKGROUND_LOCATION",
    "CAMERA",
    "FOREGROUND_SERVICE",
    "INTERNET",
    "ACCESS_NETWORK_STATE"
  ],
  "buildDate": "2025-11-01T18:10:34.841Z",
  "buildInstructions": {
    "requirements": [
      "Android Studio 4.0+",
      "Android SDK API 21+",
      "Java 8+",
      "Gradle 7.0+"
    ],
    "steps": [
      "1. Install Android Studio",
      "2. Open project in Android Studio",
      "3. Sync Gradle files",
      "4. Build > Generate Signed Bundle/APK",
      "5. Choose APK and build"
    ],
    "alternativeMethod": [
      "1. Run: gradlew assembleDebug",
      "2. APK will be in: app/build/outputs/apk/debug/",
      "3. Install with: adb install app-debug.apk"
    ]
  }
}