<?xml version="1.0" encoding="utf-8"?>
<resources>
    <!-- Base application theme -->
    <style name="Theme.AntiTheftPro" parent="Theme.AppCompat.DayNight.NoActionBar">
        <!-- Primary brand color -->
        <item name="colorPrimary">@color/purple_500</item>
        <item name="colorPrimaryVariant">@color/purple_700</item>
        <item name="colorOnPrimary">@color/white</item>
        
        <!-- Secondary brand color -->
        <item name="colorSecondary">@color/teal_200</item>
        <item name="colorSecondaryVariant">@color/teal_700</item>
        <item name="colorOnSecondary">@color/black</item>
        
        <!-- Status bar color -->
        <item name="android:statusBarColor">@color/dark_blue</item>
        
        <!-- Background colors -->
        <item name="android:windowBackground">@color/dark_background</item>
        <item name="colorSurface">@color/dark_surface</item>
        <item name="colorOnSurface">@color/white</item>
        
        <!-- Text colors -->
        <item name="android:textColorPrimary">@color/white</item>
        <item name="android:textColorSecondary">@color/light_gray</item>
    </style>
    
    <!-- Splash screen theme -->
    <style name="Theme.AntiTheftPro.Splash" parent="Theme.AntiTheftPro">
        <item name="android:windowBackground">@drawable/splash_background</item>
        <item name="android:windowNoTitle">true</item>
        <item name="android:windowFullscreen">true</item>
    </style>
    
    <!-- Button styles -->
    <style name="SecureButton" parent="Widget.AppCompat.Button">
        <item name="android:background">@drawable/button_background</item>
        <item name="android:textColor">@color/white</item>
        <item name="android:textSize">16sp</item>
        <item name="android:textStyle">bold</item>
        <item name="android:padding">16dp</item>
        <item name="android:layout_margin">8dp</item>
    </style>
    
    <!-- Card styles -->
    <style name="SecurityCard">
        <item name="android:background">@drawable/card_background</item>
        <item name="android:padding">20dp</item>
        <item name="android:layout_margin">12dp</item>
        <item name="android:elevation">8dp</item>
    </style>
</resources>